-- INSERINDO REGISTROS NA TABELA LIVROS 

INSERT INTO LIVROS
(ID_LIVRO,NOME,EDITORA,AUTOR,EDICAO,CATEGORIA,DT_PUBLICACAO,NR_PAGINAS,DIMENSOES,ISBN_10,ISBN_13,QUANTIDADE,PRECO,COD_BARRAS)
VALUES
(1000001,'Harry Potter e a Pedra Filosofal','Rocco','J.K. Rowling','1ª edição','Fantasia','07/04/2000',264,
 '20.8 x 14 x 1.4 cm','8532511015','978-8532523051',15,24.90,'9788532523051');
  
INSERT INTO LIVROS
(ID_LIVRO,NOME,EDITORA,AUTOR,EDICAO,CATEGORIA,DT_PUBLICACAO,NR_PAGINAS,DIMENSOES,ISBN_10,ISBN_13,QUANTIDADE,PRECO,COD_BARRAS)
VALUES
(1000002,'Harry Potter e a Câmara Secreta','Rocco','J.K. Rowling','1ª edição','Fantasia','15/08/2000',288,
 '21 x 14 x 1.4 cm','853251166X','978-8532511669',13,36.42,'9788532511669');
  
INSERT INTO LIVROS
(ID_LIVRO,NOME,EDITORA,AUTOR,EDICAO,CATEGORIA,DT_PUBLICACAO,NR_PAGINAS,DIMENSOES,ISBN_10,ISBN_13,QUANTIDADE,PRECO,COD_BARRAS)
VALUES
(1000003,'Harry Potter e o Prisioneiro de Azkaban','Rocco','J.K. Rowling','1ª edição','Fantasia','28/11/2000',348,
 '20.8 x 13.6 x 1.6 cm','1781103704','978-1781103708',19,24.50,'9781781103708');
 
INSERT INTO LIVROS
(ID_LIVRO,NOME,EDITORA,AUTOR,EDICAO,CATEGORIA,DT_PUBLICACAO,NR_PAGINAS,DIMENSOES,ISBN_10,ISBN_13,QUANTIDADE,PRECO,COD_BARRAS)
VALUES
(1000004,'Harry Potter e o Cálice de Fogo','Rocco','J.K. Rowling','1ª edição','Fantasia','08/06/2001',584,
 '20.8 x 14 x 2.4 cm','8532523080','978-8532512529',11,39.98,'9788532512529');
 
INSERT INTO LIVROS
(ID_LIVRO,NOME,EDITORA,AUTOR,EDICAO,CATEGORIA,DT_PUBLICACAO,NR_PAGINAS,DIMENSOES,ISBN_10,ISBN_13,QUANTIDADE,PRECO,COD_BARRAS)
VALUES
(1000005,'Harry Potter e a Ordem da Fenix','Rocco','J.K. Rowling','1ª edição','Fantasia','29/11/2003',704,
 '20.8 x 14 x 2.8 cm','853251622X','978-8532516220',17,49.90,'9788532516220');
 
INSERT INTO LIVROS
(ID_LIVRO,NOME,EDITORA,AUTOR,EDICAO,CATEGORIA,DT_PUBLICACAO,NR_PAGINAS,DIMENSOES,ISBN_10,ISBN_13,QUANTIDADE,PRECO,COD_BARRAS)
VALUES
(1000006,'Harry Potter e o Enigma Do Príncipe','Rocco','J.K. Rowling','1ª edição','Fantasia','01/01/2005',510,
 '21.2 x 14.4 x 2.4 cm','8532519474','978-8532519474',07,34.90,'9788532519474');
 
INSERT INTO LIVROS
(ID_LIVRO,NOME,EDITORA,AUTOR,EDICAO,CATEGORIA,DT_PUBLICACAO,NR_PAGINAS,DIMENSOES,ISBN_10,ISBN_13,QUANTIDADE,PRECO,COD_BARRAS)
VALUES
(1000007,'Harry Potter e as Relíquias da Morte','Rocco','J.K. Rowling','1ª edição','Fantasia','10/11/2007',592,
 '20.8 x 13.8 x 3 cm','8532522610','978-8532522610',09,37.74,'9788532522610');
 
INSERT INTO LIVROS
(ID_LIVRO,NOME,EDITORA,AUTOR,EDICAO,CATEGORIA,DT_PUBLICACAO,NR_PAGINAS,DIMENSOES,ISBN_10,ISBN_13,QUANTIDADE,PRECO,COD_BARRAS)
VALUES
(1000008,'Harry Potter e a Criança Amaldiçoada - Parte um e dois','Rocco','J.K. Rowling','1ª edição','Fantasia','31/10/2016',
 352,'23 x 15.8 x 2.6 cm','8532530435','978-8532530431',15,50.24,'9788532530431');
 
INSERT INTO LIVROS
(ID_LIVRO,NOME,EDITORA,AUTOR,EDICAO,CATEGORIA,DT_PUBLICACAO,NR_PAGINAS,DIMENSOES,ISBN_10,ISBN_13,QUANTIDADE,PRECO,COD_BARRAS)
VALUES
(1000009,'A meta: Um processo de melhoria continua','Nobel','Eliyahu M. Goldratt','2ª edição','Gestão e Liderança','01/05/2014',
 360,'22.8 x 15.8 x 2 cm','8521312369','978-8521312369',05,89.90,'9788521312369');
 
INSERT INTO LIVROS
(ID_LIVRO,NOME,EDITORA,AUTOR,EDICAO,CATEGORIA,DT_PUBLICACAO,NR_PAGINAS,DIMENSOES,ISBN_10,ISBN_13,QUANTIDADE,PRECO,COD_BARRAS)
VALUES
(1000010,'O Ladrão de Raios: Série Percy Jackson e os Olimpianos','Intrínseca','Rick Riordan','1ª edição','Fantasia','11/08/2014',
 400,'21 x 13.4 x 2.2 cm','8580575397','978-8580575392',04,34.00,'9788580575392');
 
INSERT INTO LIVROS
(ID_LIVRO,NOME,EDITORA,AUTOR,EDICAO,CATEGORIA,DT_PUBLICACAO,NR_PAGINAS,DIMENSOES,ISBN_10,ISBN_13,QUANTIDADE,PRECO,COD_BARRAS)
VALUES
(1000011,'O Mar de Monstros: Série Percy Jackson e os Olimpianos','Intrínseca','Rick Riordan','1ª edição','Fantasia','11/08/2014',
 304,'20.8 x 13.4 x 1.6 cm','8580575400','978-8580575408',05,36.56,'9788580575408');
 
INSERT INTO LIVROS
(ID_LIVRO,NOME,EDITORA,AUTOR,EDICAO,CATEGORIA,DT_PUBLICACAO,NR_PAGINAS,DIMENSOES,ISBN_10,ISBN_13,QUANTIDADE,PRECO,COD_BARRAS)
VALUES
(1000012,'Guia Front-End','Casa do Código','Diego Eis','1ª edição','Redes Informáticas','01/05/2015',
 207,'22.86 x 15.49 x 1.02 cm','8555190126','978-8555190124',15,69.90,'9788555190124');
 
INSERT INTO LIVROS
(ID_LIVRO,NOME,EDITORA,AUTOR,EDICAO,CATEGORIA,DT_PUBLICACAO,NR_PAGINAS,DIMENSOES,ISBN_10,ISBN_13,QUANTIDADE,PRECO,COD_BARRAS)
VALUES
(1000013,'Jogador Número 1','Leya','Ernest Cline','1ª edição','Ficção Científica','10/10/2019',
 464,'15.49 x 22.35 x 3.05 cm','8544103162','978-8544103166',14,47.00,'9788544103166');
 
INSERT INTO LIVROS
(ID_LIVRO,NOME,EDITORA,AUTOR,EDICAO,CATEGORIA,DT_PUBLICACAO,NR_PAGINAS,DIMENSOES,ISBN_10,ISBN_13,QUANTIDADE,PRECO,COD_BARRAS)
VALUES
(1000014,'It: A coisa','Suma','Stephen King','1ª edição','Horror','24/07/2014',
 1104,'23 x 16 x 5.4 cm','8560280944','978-8560280940',30,57.99,'9788560280940');
 
INSERT INTO LIVROS
(ID_LIVRO,NOME,EDITORA,AUTOR,EDICAO,CATEGORIA,DT_PUBLICACAO,NR_PAGINAS,DIMENSOES,ISBN_10,ISBN_13,QUANTIDADE,PRECO,COD_BARRAS)
VALUES
(1000015,'O Iluminado','Suma','Stephen King','1ª edição','Ficção','19/11/2012',
 464,'23 x 16 x 2.2 cm','8581050484','978-8581050485',26,31.99,'9788581050485');
 
INSERT INTO LIVROS
(ID_LIVRO,NOME,EDITORA,AUTOR,EDICAO,CATEGORIA,DT_PUBLICACAO,NR_PAGINAS,DIMENSOES,ISBN_10,ISBN_13,QUANTIDADE,PRECO,COD_BARRAS)
VALUES
(1000016,'Arsène Lupin, o ladrão de casaca','Principis','Maurice Leblanc','1ª edição PT-BR','Mistério','08/01/2021',
 192,'22.6 x 15 x 1.2 cm','6555522305','978-6555522303',19,9.90,'9786555522303');
 
INSERT INTO LIVROS
(ID_LIVRO,NOME,EDITORA,AUTOR,EDICAO,CATEGORIA,DT_PUBLICACAO,NR_PAGINAS,DIMENSOES,ISBN_10,ISBN_13,QUANTIDADE,PRECO,COD_BARRAS)
VALUES
(1000017,'O design do dia a dia','Anfiteatro','Donald A. Norman','1ª edição','Engenharia','06/09/2006',
 272,'21 x 15.4 x 1.4 cm','8532520839','978-8532520838',08,28.08,'9788532520838');
 
INSERT INTO LIVROS
(ID_LIVRO,NOME,EDITORA,AUTOR,EDICAO,CATEGORIA,DT_PUBLICACAO,NR_PAGINAS,DIMENSOES,ISBN_10,ISBN_13,QUANTIDADE,PRECO,COD_BARRAS)
VALUES
(1000018,'A Essência do Epica','Liberation','John Conway','1ª edição','Biografia','25/05/2019',
 208,'28.30 x 17.43 x 2.62 cm','8439085432','978-6599644016',10,85.90,'9786599644016');
 
INSERT INTO LIVROS
(ID_LIVRO,NOME,EDITORA,AUTOR,EDICAO,CATEGORIA,DT_PUBLICACAO,NR_PAGINAS,DIMENSOES,ISBN_10,ISBN_13,QUANTIDADE,PRECO,COD_BARRAS)
VALUES
(1000019,'Orgulho e preconceito','Penguin-Companhia','Jane Austen','1ª edição','Literatura Clássica','21/06/2011',
 576,'20 x 13.2 x 3 cm','8563560158','978-8563560155',18,28.58,'9788563560155');
 
INSERT INTO LIVROS
(ID_LIVRO,NOME,EDITORA,AUTOR,EDICAO,CATEGORIA,DT_PUBLICACAO,NR_PAGINAS,DIMENSOES,ISBN_10,ISBN_13,QUANTIDADE,PRECO,COD_BARRAS)
VALUES
(1000020,'Emma','Penguin-Companhia','Jane Austen','1ª edição','Literatura Clássica','22/03/2021',
 624,'19.8 x 13 x 2.2 cm','8582851057','978-8582851050',21,38.90,'9788582851050');

INSERT INTO LIVROS
(ID_LIVRO,NOME,EDITORA,AUTOR,EDICAO,CATEGORIA,DT_PUBLICACAO,NR_PAGINAS,DIMENSOES,ISBN_10,ISBN_13,QUANTIDADE,PRECO,COD_BARRAS)
VALUES
(1000021,'Mansfield Park','Penguin-Companhia','Jane Austen','1ª edição','Literatura Clássica','18/08/2014',
 608,'20 x 13 x 3 cm','8563560999','978-8563560995',12,32.20,'9788563560995');
 
INSERT INTO LIVROS
(ID_LIVRO,NOME,EDITORA,AUTOR,EDICAO,CATEGORIA,DT_PUBLICACAO,NR_PAGINAS,DIMENSOES,ISBN_10,ISBN_13,QUANTIDADE,PRECO,COD_BARRAS)
VALUES
(1000022,'O morro dos ventos uivantes','Penguin-Companhia','Emily Bronte','2ª edição','Literatura Clássica','19/07/2021',
 464,'13 x 2.3 x 20 cm','8582851421','978-8582851425',20,35.88,'9788582851425');
 
INSERT INTO LIVROS
(ID_LIVRO,NOME,EDITORA,AUTOR,EDICAO,CATEGORIA,DT_PUBLICACAO,NR_PAGINAS,DIMENSOES,ISBN_10,ISBN_13,QUANTIDADE,PRECO,COD_BARRAS)
VALUES
(1000023,'Juvenília','Penguin-Companhia','Jane Austen','1ª edição','Literatura Clássica','23/04/2014',
 472,'19.8 x 13 x 2.4 cm','8563560913','978-8563560919',17,24.85,'9788563560919');

INSERT INTO LIVROS
(ID_LIVRO,NOME,EDITORA,AUTOR,EDICAO,CATEGORIA,DT_PUBLICACAO,NR_PAGINAS,DIMENSOES,ISBN_10,ISBN_13,QUANTIDADE,PRECO,COD_BARRAS)
VALUES
(1000024,'Introdução à Linguagem SQL: Abordagem Prática Para Iniciantes','Novatec','Thomas Nield','1ª edição',
 'Universitários','26/04/2016',144,'22.2 x 15.6 x 1 cm','8575225014','978-8575225011',12,33.84,'9788575225011');
 
INSERT INTO LIVROS
(ID_LIVRO,NOME,EDITORA,AUTOR,EDICAO,CATEGORIA,DT_PUBLICACAO,NR_PAGINAS,DIMENSOES,ISBN_10,ISBN_13,QUANTIDADE,PRECO,COD_BARRAS)
VALUES
(1000025,'PL/ SQL. Domine a Linguagem do Banco de Dados Oracle','Casa do Código','Eduardo Gonçalves','1ª edição',
 'Universitários','17/06/2015',431,'22.8 x 15.4 x 2.2 cm','8555190738','978-8555190735',10,89.90,'9788555190735');
 
INSERT INTO LIVROS
(ID_LIVRO,NOME,EDITORA,AUTOR,EDICAO,CATEGORIA,DT_PUBLICACAO,NR_PAGINAS,DIMENSOES,ISBN_10,ISBN_13,QUANTIDADE,PRECO,COD_BARRAS)
VALUES
(1000026,'Tuning de SQL: Melhore a performance de suas aplicações Oracle','Casa do Código','Eduardo Gonçalves','1ª edição',
 'Universitários','01/12/2021',553,'22.8 x 15.4 x 2.2 cm','8527019467','978-6586110951',10,99.90,'9786586110951');
 
-- INSERINDO REGISTROS NA TABELA COLABORADORES

INSERT INTO COLABORADORES
(ID_COLABORADOR,NOME,CARGO,SEXO,TELEFONE,ENDERECO,BAIRRO,DT_NASCIMENTO,DT_ADMISSAO,SALARIO,OBSERVACAO)
VALUES
(1001,'Bruno Franco da Silva','Almoxarife I','M','44 994562863','Rua Dr. Luiz Aguiar, 389 - Londrina','Barreto','12/06/1989',
 '01/08/2022',2500.00,'Colaborador com espírito de equipe e ótimas ideias de melhorias futuras.');
 
INSERT INTO COLABORADORES
(ID_COLABORADOR,NOME,CARGO,SEXO,TELEFONE,ENDERECO,BAIRRO,DT_NASCIMENTO,DT_ADMISSAO,SALARIO,OBSERVACAO)
VALUES
(1002,'Roberta Gomes Almeida','Almoxarife II','F','44 987340092','Rua dos Alfeneiros, 100 - Londrina','Fonseca','03/12/1995',
 '01/08/2022',3200.00,'Colaboradora com experiência prévia, perfil de liderança e mindset ágil.');
 
INSERT INTO COLABORADORES
(ID_COLABORADOR,NOME,CARGO,SEXO,TELEFONE,ENDERECO,BAIRRO,DT_NASCIMENTO,DT_ADMISSAO,SALARIO,OBSERVACAO)
VALUES
(1003,'Edna Castilho Bosco','Assis. Financeira I','F','44 976521090','Alameda Divaldo Franco, 820 - Londrina','Pendotiba',
 '22/05/1985','15/07/2022',3554.50,'Colaboradora com muito conhecimento sobre planilhas e organização financeira.');
 
INSERT INTO COLABORADORES
(ID_COLABORADOR,NOME,CARGO,SEXO,TELEFONE,ENDERECO,BAIRRO,DT_NASCIMENTO,DT_ADMISSAO,SALARIO,OBSERVACAO)
VALUES
(1004,'Gustavo Pedrosa Neto','Assis. Financeiro II','M','44 981044582','Travessa São Boaventura, 56 - Londrina','Bigorrilho',
 '19/01/1988','22/07/2022',4050.00,'Colaborador formado na área e com muita experiência para agregar.');
 
INSERT INTO COLABORADORES
(ID_COLABORADOR,NOME,CARGO,SEXO,TELEFONE,ENDERECO,BAIRRO,DT_NASCIMENTO,DT_ADMISSAO,SALARIO,OBSERVACAO)
VALUES
(1005,'Rosa Lourenço Barros','Vendedora','F','44 996045571','Alameda Gomes da Rocha, 347 - Londrina','Charitas',
 '30/07/1999','01/08/2022',1990.00,'Colaboradora prestativa e atenta aos clientes.');
 
INSERT INTO COLABORADORES
(ID_COLABORADOR,NOME,CARGO,SEXO,TELEFONE,ENDERECO,BAIRRO,DT_NASCIMENTO,DT_ADMISSAO,SALARIO,OBSERVACAO)
VALUES
(1006,'Ramon Junior dos Santos','Vendedor','M','44 987654012','Rua Inácio Benício, 90 - Londrina','Paraíso',
 '01/02/2001','01/08/2022',1990.00,'Colaborador sem experiência como vendedor, porém com muita vontade de aprender.');
 
INSERT INTO COLABORADORES
(ID_COLABORADOR,NOME,CARGO,SEXO,TELEFONE,ENDERECO,BAIRRO,DT_NASCIMENTO,DT_ADMISSAO,SALARIO,OBSERVACAO)
VALUES
(1007,'Joaquim Franco Filho','Vendedor','M','44 996013278','Rua Vida Feliz, 100 - Londrina','Santa Fé',
 '13/11/1997','01/08/2022',1990.00,'Colaborador centrado e com prévia experiência com vendas.');

-- INSERINDO REGISTROS NA TABELA SETORES

INSERT INTO SETORES
(ID_SETOR, NOME, QTD_COLABORADORES,ID_SETOR_COLAB)
VALUES
(101,'Almoxarifado','2',1001);

INSERT INTO SETORES
(ID_SETOR, NOME, QTD_COLABORADORES,ID_SETOR_COLAB)
VALUES
(102,'Almoxarifado','2',1002);

INSERT INTO SETORES
(ID_SETOR, NOME, QTD_COLABORADORES,ID_SETOR_COLAB)
VALUES
(103,'Financeiro','2',1003);

INSERT INTO SETORES
(ID_SETOR, NOME, QTD_COLABORADORES,ID_SETOR_COLAB)
VALUES
(104,'Financeiro','2',1004);

INSERT INTO SETORES
(ID_SETOR, NOME, QTD_COLABORADORES,ID_SETOR_COLAB)
VALUES
(105,'Vendas','3',1005);

INSERT INTO SETORES
(ID_SETOR, NOME, QTD_COLABORADORES,ID_SETOR_COLAB)
VALUES
(106,'Vendas','3',1006);

INSERT INTO SETORES
(ID_SETOR, NOME, QTD_COLABORADORES,ID_SETOR_COLAB)
VALUES
(107,'Vendas','3',1007);


-- INSERINDO REGISTROS NA TABELA CLIENTES

INSERT INTO CLIENTES
(ID_CLIENTE,NOME,CPF,TELEFONE,ENDERECO,BAIRRO,CIDADE,DT_NASCIMENTO,EMAIL)
VALUES
(201,'Carlos Augusto Souza','50781709954','44 976452098','Rua Antonina, 45','Antonina','Londrina',
 '01/08/1980','carlos.augusto@gmail.com');
 
INSERT INTO CLIENTES
(ID_CLIENTE,NOME,CPF,TELEFONE,ENDERECO,BAIRRO,CIDADE,DT_NASCIMENTO,EMAIL)
VALUES
(202,'Aline Oliveira Leite','74164246901','44 955671098','Avenida Bruno Cortez, 198','Gomes Luz','Niterói',
 '22/09/1982','aline.leite@yahoo.com.br');
 
INSERT INTO CLIENTES
(ID_CLIENTE,NOME,CPF,TELEFONE,ENDERECO,BAIRRO,CIDADE,DT_NASCIMENTO,EMAIL)
VALUES
(203,'João Bento Misty','09867264940','21 987354671','Rua Dr Palmier, 443','Barreto','Niterói',
 '26/12/1988','joao.bento88@gmail.com');

INSERT INTO CLIENTES
(ID_CLIENTE,NOME,CPF,TELEFONE,ENDERECO,BAIRRO,CIDADE,DT_NASCIMENTO,EMAIL)
VALUES
(204,'Leandro Araújo de Oliveira','68012109808','11 987347686','Rua das Oliveiras, 456','Santo Amaro','Barueri',
 '05/07/1984','leandro.net1000@gmail.com');

-- INSERINDO REGISTROS NA TABELA EDITORAS

INSERT INTO EDITORAS
(ID_EDITORA,RAZAO_SOCIAL,NOME_FANTASIA,CNPJ,IE,ENDERECO,BAIRRO,CIDADE,EMAIL,DADOS_BANCARIOS,ID_EDITORA_LIVRO)
VALUES
(301,'EDITORA ROCCO LTDA','Editora Rocco','42.444.703/0004-00','115215009113','Alameda Santos, 1165 - Sala 11',
 'Cerqueira Cesar','São Paulo','rocco@gmail.com','AG: 3459-0 C/C: 42372-1 - Banco Bradesco',1000001);
 
INSERT INTO EDITORAS
(ID_EDITORA,RAZAO_SOCIAL,NOME_FANTASIA,CNPJ,IE,ENDERECO,BAIRRO,CIDADE,EMAIL,DADOS_BANCARIOS,ID_EDITORA_LIVRO)
VALUES
(302,'EDITORA ROCCO LTDA','Editora Rocco','42.444.703/0004-00','115215009113','Alameda Santos, 1165 - Sala 11',
 'Cerqueira Cesar','São Paulo','rocco@gmail.com','AG: 3459-0 C/C: 42372-1 - Banco Bradesco',1000002);
 
INSERT INTO EDITORAS
(ID_EDITORA,RAZAO_SOCIAL,NOME_FANTASIA,CNPJ,IE,ENDERECO,BAIRRO,CIDADE,EMAIL,DADOS_BANCARIOS,ID_EDITORA_LIVRO)
VALUES
(303,'EDITORA ROCCO LTDA','Editora Rocco','42.444.703/0004-00','115215009113','Alameda Santos, 1165 - Sala 11',
 'Cerqueira Cesar','São Paulo','rocco@gmail.com','AG: 3459-0 C/C: 42372-1 - Banco Bradesco',1000003);
 
INSERT INTO EDITORAS
(ID_EDITORA,RAZAO_SOCIAL,NOME_FANTASIA,CNPJ,IE,ENDERECO,BAIRRO,CIDADE,EMAIL,DADOS_BANCARIOS,ID_EDITORA_LIVRO)
VALUES
(304,'EDITORA ROCCO LTDA','Editora Rocco','42.444.703/0004-00','115215009113','Alameda Santos, 1165 - Sala 11',
 'Cerqueira Cesar','São Paulo','rocco@gmail.com','AG: 3459-0 C/C: 42372-1 - Banco Bradesco',1000004);
 
INSERT INTO EDITORAS
(ID_EDITORA,RAZAO_SOCIAL,NOME_FANTASIA,CNPJ,IE,ENDERECO,BAIRRO,CIDADE,EMAIL,DADOS_BANCARIOS,ID_EDITORA_LIVRO)
VALUES
(305,'EDITORA ROCCO LTDA','Editora Rocco','42.444.703/0004-00','115215009113','Alameda Santos, 1165 - Sala 11',
 'Cerqueira Cesar','São Paulo','rocco@gmail.com','AG: 3459-0 C/C: 42372-1 - Banco Bradesco',1000005);
 
INSERT INTO EDITORAS
(ID_EDITORA,RAZAO_SOCIAL,NOME_FANTASIA,CNPJ,IE,ENDERECO,BAIRRO,CIDADE,EMAIL,DADOS_BANCARIOS,ID_EDITORA_LIVRO)
VALUES
(306,'EDITORA ROCCO LTDA','Editora Rocco','42.444.703/0004-00','115215009113','Alameda Santos, 1165 - Sala 11',
 'Cerqueira Cesar','São Paulo','rocco@gmail.com','AG: 3459-0 C/C: 42372-1 - Banco Bradesco',1000006);
 
INSERT INTO EDITORAS
(ID_EDITORA,RAZAO_SOCIAL,NOME_FANTASIA,CNPJ,IE,ENDERECO,BAIRRO,CIDADE,EMAIL,DADOS_BANCARIOS,ID_EDITORA_LIVRO)
VALUES
(307,'EDITORA ROCCO LTDA','Editora Rocco','42.444.703/0004-00','115215009113','Alameda Santos, 1165 - Sala 11',
 'Cerqueira Cesar','São Paulo','rocco@gmail.com','AG: 3459-0 C/C: 42372-1 - Banco Bradesco',1000007); 
 
INSERT INTO EDITORAS
(ID_EDITORA,RAZAO_SOCIAL,NOME_FANTASIA,CNPJ,IE,ENDERECO,BAIRRO,CIDADE,EMAIL,DADOS_BANCARIOS,ID_EDITORA_LIVRO)
VALUES
(308,'EDITORA ROCCO LTDA','Editora Rocco','42.444.703/0004-00','115215009113','Alameda Santos, 1165 - Sala 11',
 'Cerqueira Cesar','São Paulo','rocco@gmail.com','AG: 3459-0 C/C: 42372-1 - Banco Bradesco',1000008);
 
INSERT INTO EDITORAS
(ID_EDITORA,RAZAO_SOCIAL,NOME_FANTASIA,CNPJ,IE,ENDERECO,BAIRRO,CIDADE,EMAIL,DADOS_BANCARIOS,ID_EDITORA_LIVRO)
VALUES
(309,'LIVRARIA E EDITORA NOBEL LTDA','Editora Nobel','04.904.090/0001-04','150011121','Rua O de Oliveira, 1100',
 'Reduto','Belém','nobel@gmail.com','AG: 4357-2 C/C: 56180-3 - Banco Santanter',1000009);
 
INSERT INTO EDITORAS
(ID_EDITORA,RAZAO_SOCIAL,NOME_FANTASIA,CNPJ,IE,ENDERECO,BAIRRO,CIDADE,EMAIL,DADOS_BANCARIOS,ID_EDITORA_LIVRO)
VALUES
(310,'EDITORA INTRINSECA LTDA','Editora Intrínseca','05.660.045/0001-06','77646973','Rua Marquês de São Vicente, 99',
 'Gávea','Rio de Janeiro','intrinseca@gmail.com','AG: 0982-9 C/C: 82376-1 - Banco Bradesco',1000010);
 
INSERT INTO EDITORAS
(ID_EDITORA,RAZAO_SOCIAL,NOME_FANTASIA,CNPJ,IE,ENDERECO,BAIRRO,CIDADE,EMAIL,DADOS_BANCARIOS,ID_EDITORA_LIVRO)
VALUES
(311,'EDITORA INTRINSECA LTDA','Editora Intrínseca','05.660.045/0001-06','77646973','Rua Marquês de São Vicente, 99',
 'Gávea','Rio de Janeiro','intrinseca@gmail.com','AG: 0982-9 C/C: 82376-1 - Banco Bradesco',1000011);
 
INSERT INTO EDITORAS
(ID_EDITORA,RAZAO_SOCIAL,NOME_FANTASIA,CNPJ,IE,ENDERECO,BAIRRO,CIDADE,EMAIL,DADOS_BANCARIOS,ID_EDITORA_LIVRO)
VALUES
(312,'EDITORA CASA DO CODIGO LTDA','Editora Casa do Código','15.415.777/0001-94','145203212119','Rua Vergueiro, 3185',
 'Vila Mariana','São Paulo','codigo@gmail.com','AG: 6537-0 C/C: 65278-9 - Banco Itaú',1000012);
 
INSERT INTO EDITORAS
(ID_EDITORA,RAZAO_SOCIAL,NOME_FANTASIA,CNPJ,IE,ENDERECO,BAIRRO,CIDADE,EMAIL,DADOS_BANCARIOS,ID_EDITORA_LIVRO)
VALUES
(313,'EDITORA CASA DO CODIGO LTDA','Editora Casa do Código','15.415.777/0001-94','145203212119','Rua Vergueiro, 3185',
 'Vila Mariana','São Paulo','codigo@gmail.com','AG: 6537-0 C/C: 65278-9 - Banco Itaú',1000025);
 
INSERT INTO EDITORAS
(ID_EDITORA,RAZAO_SOCIAL,NOME_FANTASIA,CNPJ,IE,ENDERECO,BAIRRO,CIDADE,EMAIL,DADOS_BANCARIOS,ID_EDITORA_LIVRO)
VALUES
(314,'EDITORA CASA DO CODIGO LTDA','Editora Casa do Código','15.415.777/0001-94','145203212119','Rua Vergueiro, 3185',
 'Vila Mariana','São Paulo','codigo@gmail.com','AG: 6537-0 C/C: 65278-9 - Banco Itaú',1000026);
 
INSERT INTO EDITORAS
(ID_EDITORA,RAZAO_SOCIAL,NOME_FANTASIA,CNPJ,IE,ENDERECO,BAIRRO,CIDADE,EMAIL,DADOS_BANCARIOS,ID_EDITORA_LIVRO)
VALUES
(315,'EDITORA VERA CRUZ LTDA','Editora Leya','08.108.543/0006-43','87108449','Avenida Calogeras, 6',
 'Centro','Rio de Janeiro','leya@hotmail.com','AG: 4678-0 C/C: 54785-8 - Banco Bradesco',1000013);
 
INSERT INTO EDITORAS
(ID_EDITORA,RAZAO_SOCIAL,NOME_FANTASIA,CNPJ,IE,ENDERECO,BAIRRO,CIDADE,EMAIL,DADOS_BANCARIOS,ID_EDITORA_LIVRO)
VALUES
(316,'EDITORA SUMA LTDA','Editora Suma','90.375.049/0001-11','84729309','Rua Antonio Ribeiro, 87',
 'Porto Aelegre','Rio Grande do Sul','suma@gmail.com','AG: 8912-0 C/C: 37156-1 - Banco Itaú',1000014);
 
INSERT INTO EDITORAS
(ID_EDITORA,RAZAO_SOCIAL,NOME_FANTASIA,CNPJ,IE,ENDERECO,BAIRRO,CIDADE,EMAIL,DADOS_BANCARIOS,ID_EDITORA_LIVRO)
VALUES
(317,'EDITORA SUMA LTDA','Editora Suma','90.375.049/0001-11','84729309','Rua Antonio Ribeiro, 87',
 'Porto Aelegre','Rio Grande do Sul','suma@gmail.com','AG: 8912-0 C/C: 37156-1 - Banco Itaú',1000015);
 
INSERT INTO EDITORAS
(ID_EDITORA,RAZAO_SOCIAL,NOME_FANTASIA,CNPJ,IE,ENDERECO,BAIRRO,CIDADE,EMAIL,DADOS_BANCARIOS,ID_EDITORA_LIVRO)
VALUES
(318,'EDITORA PRINCIPIOS LTDA','Editora Princípios','30.675.373/0001-23','9080257845','Rua Francisco Toledo, 360',
 'Fanny','Curitiba','principior@gmail.com','AG:7689-0 C/C: 73590-6 - Banco Bradesco',1000016);
 
INSERT INTO EDITORAS
(ID_EDITORA,RAZAO_SOCIAL,NOME_FANTASIA,CNPJ,IE,ENDERECO,BAIRRO,CIDADE,EMAIL,DADOS_BANCARIOS,ID_EDITORA_LIVRO)
VALUES
(319,'LIVRARIA DA TRAVESSA LTDA','Editora Anfiteatro','31.004.013/0010-53','78769220','Rua Sete de Setembro, 892',
 'Centro','Rio de Janeiro','anfitetatro.com','AG: 6738-8 C/C: 87645-0 - Banco Itaú',1000017);
 
INSERT INTO EDITORAS
(ID_EDITORA,RAZAO_SOCIAL,NOME_FANTASIA,CNPJ,IE,ENDERECO,BAIRRO,CIDADE,EMAIL,DADOS_BANCARIOS,ID_EDITORA_LIVRO)
VALUES
(320,'LIBERATION EDITORA E PRODUCOES ARTISTICAS LTDA','Editora Liberation','42.510.358/0001-04','131477421115',
 'Rua Serra da Bocaína, 10','Mumbuca','São Paulo','liberation@gmail.com','AG: 3650-7 C/C: 90478-3 - Banco Itaú',
 1000018);

INSERT INTO EDITORAS
(ID_EDITORA,RAZAO_SOCIAL,NOME_FANTASIA,CNPJ,IE,ENDERECO,BAIRRO,CIDADE,EMAIL,DADOS_BANCARIOS,ID_EDITORA_LIVRO)
VALUES
(321,'PENGUIN-COMPANHIA EDITORA LTDA','Penguin-Companhia','24.792.997/0001-28','611721303908',
 'Rua João Gomes, 30','Neves','Paratinguetá','penguincomp@gmail.com','AG: 9804-2 C/C: 54839-0 - Banco Santander',
 1000019);
 
INSERT INTO EDITORAS
(ID_EDITORA,RAZAO_SOCIAL,NOME_FANTASIA,CNPJ,IE,ENDERECO,BAIRRO,CIDADE,EMAIL,DADOS_BANCARIOS,ID_EDITORA_LIVRO)
VALUES
(322,'PENGUIN-COMPANHIA EDITORA LTDA','Penguin-Companhia','24.792.997/0001-28','611721303908','Rua João Gomes, 30',
 'Neves','Paratinguetá','penguincomp@gmail.com','AG: 9804-2 C/C: 54839-0 - Banco Santander',1000020);
 
INSERT INTO EDITORAS
(ID_EDITORA,RAZAO_SOCIAL,NOME_FANTASIA,CNPJ,IE,ENDERECO,BAIRRO,CIDADE,EMAIL,DADOS_BANCARIOS,ID_EDITORA_LIVRO)
VALUES
(323,'PENGUIN-COMPANHIA EDITORA LTDA','Penguin-Companhia','24.792.997/0001-28','611721303908','Rua João Gomes, 30',
 'Neves','Paratinguetá','penguincomp@gmail.com','AG: 9804-2 C/C: 54839-0 - Banco Santander',1000021);
 
INSERT INTO EDITORAS
(ID_EDITORA,RAZAO_SOCIAL,NOME_FANTASIA,CNPJ,IE,ENDERECO,BAIRRO,CIDADE,EMAIL,DADOS_BANCARIOS,ID_EDITORA_LIVRO)
VALUES
(324,'PENGUIN-COMPANHIA EDITORA LTDA','Penguin-Companhia','24.792.997/0001-28','611721303908','Rua João Gomes, 30',
 'Neves','Paratinguetá','penguincomp@gmail.com','AG: 9804-2 C/C: 54839-0 - Banco Santander',1000022);
 
INSERT INTO EDITORAS
(ID_EDITORA,RAZAO_SOCIAL,NOME_FANTASIA,CNPJ,IE,ENDERECO,BAIRRO,CIDADE,EMAIL,DADOS_BANCARIOS,ID_EDITORA_LIVRO)
VALUES
(325,'PENGUIN-COMPANHIA EDITORA LTDA','Penguin-Companhia','24.792.997/0001-28','611721303908','Rua João Gomes, 30',
 'Neves','Paratinguetá','penguincomp@gmail.com','AG: 9804-2 C/C: 54839-0 - Banco Santander',1000023);
 
INSERT INTO EDITORAS
(ID_EDITORA,RAZAO_SOCIAL,NOME_FANTASIA,CNPJ,IE,ENDERECO,BAIRRO,CIDADE,EMAIL,DADOS_BANCARIOS,ID_EDITORA_LIVRO)
VALUES
(326,'NOVATEC EDITORA LTDA','Novatec','58.551.185/0001-02','111994625113','Rua Luiz Antonio dos Santos, 110',
 'Santa Teresinha','São Paulo','novatec@gmail.com','AG: 8910-8 C/C: 64519-0 - Banco Bradesco',1000024);

-- INSERINDO REGISTROS NA TABELA AUTORES

INSERT INTO AUTORES 
(ID_AUTOR,NOME,REGISTRO,SEXO,PAIS,DT_NASCIMENTO,ID_AUTOR_LIVRO,ID_AUTOR_EDITORA)
VALUES
(401,'Diego Eis','R76368','M','Brasil','27/09/1980',1000012,312);

INSERT INTO AUTORES 
(ID_AUTOR,NOME,REGISTRO,SEXO,PAIS,DT_NASCIMENTO,ID_AUTOR_LIVRO,ID_AUTOR_EDITORA)
VALUES
(402,'Donald A. Norman','R81029','M','Estados Unidos','25/12/1935',1000017,319);

INSERT INTO AUTORES 
(ID_AUTOR,NOME,REGISTRO,SEXO,PAIS,DT_NASCIMENTO,ID_AUTOR_LIVRO,ID_AUTOR_EDITORA)
VALUES
(403,'Eduardo Gonçalves','R10253','M','Brasil','04/03/1982',1000026,314);

INSERT INTO AUTORES 
(ID_AUTOR,NOME,REGISTRO,SEXO,PAIS,DT_NASCIMENTO,ID_AUTOR_LIVRO,ID_AUTOR_EDITORA)
VALUES
(404,'Eduardo Gonçalves','R10253','M','Brasil','04/03/1982',1000025,313);

INSERT INTO AUTORES 
(ID_AUTOR,NOME,REGISTRO,SEXO,PAIS,DT_NASCIMENTO,ID_AUTOR_LIVRO,ID_AUTOR_EDITORA)
VALUES
(405,'Eliyahu M. Goldratt','R68920','M','Palestina','31/03/1947',1000009,309);

INSERT INTO AUTORES 
(ID_AUTOR,NOME,REGISTRO,SEXO,PAIS,DT_NASCIMENTO,ID_AUTOR_LIVRO,ID_AUTOR_EDITORA)
VALUES
(406,'Emily Bronte','R35690','F','Reino Unido','30/07/1818',1000022,324);

INSERT INTO AUTORES 
(ID_AUTOR,NOME,REGISTRO,SEXO,PAIS,DT_NASCIMENTO,ID_AUTOR_LIVRO,ID_AUTOR_EDITORA)
VALUES
(407,'Ernest Cline','R56092','M','Estados Unidos','29/03/1972',1000013,315);

INSERT INTO AUTORES 
(ID_AUTOR,NOME,REGISTRO,SEXO,PAIS,DT_NASCIMENTO,ID_AUTOR_LIVRO,ID_AUTOR_EDITORA)
VALUES
(408,'Jane Austen','R53781','F','Reino Unido','16/12/1775',1000023,325);

INSERT INTO AUTORES 
(ID_AUTOR,NOME,REGISTRO,SEXO,PAIS,DT_NASCIMENTO,ID_AUTOR_LIVRO,ID_AUTOR_EDITORA)
VALUES
(409,'Jane Austen','R53781','F','Reino Unido','16/12/1775',1000021,323);

INSERT INTO AUTORES 
(ID_AUTOR,NOME,REGISTRO,SEXO,PAIS,DT_NASCIMENTO,ID_AUTOR_LIVRO,ID_AUTOR_EDITORA)
VALUES
(410,'Jane Austen','R53781','F','Reino Unido','16/12/1775',1000020,322);

INSERT INTO AUTORES 
(ID_AUTOR,NOME,REGISTRO,SEXO,PAIS,DT_NASCIMENTO,ID_AUTOR_LIVRO,ID_AUTOR_EDITORA)
VALUES
(411,'Jane Austen','R53781','F','Reino Unido','16/12/1775',1000019,321);

INSERT INTO AUTORES 
(ID_AUTOR,NOME,REGISTRO,SEXO,PAIS,DT_NASCIMENTO,ID_AUTOR_LIVRO,ID_AUTOR_EDITORA)
VALUES
(412,'J.K. Rowling','R52867','F','Reino Unido','31/07/1965',1000006,306);

INSERT INTO AUTORES 
(ID_AUTOR,NOME,REGISTRO,SEXO,PAIS,DT_NASCIMENTO,ID_AUTOR_LIVRO,ID_AUTOR_EDITORA)
VALUES
(413,'J.K. Rowling','R52867','F','Reino Unido','31/07/1965',1000008,308);

INSERT INTO AUTORES 
(ID_AUTOR,NOME,REGISTRO,SEXO,PAIS,DT_NASCIMENTO,ID_AUTOR_LIVRO,ID_AUTOR_EDITORA)
VALUES
(414,'J.K. Rowling','R52867','F','Reino Unido','31/07/1965',1000004,304);

INSERT INTO AUTORES 
(ID_AUTOR,NOME,REGISTRO,SEXO,PAIS,DT_NASCIMENTO,ID_AUTOR_LIVRO,ID_AUTOR_EDITORA)
VALUES
(415,'J.K. Rowling','R52867','F','Reino Unido','31/07/1965',1000003,303);

INSERT INTO AUTORES 
(ID_AUTOR,NOME,REGISTRO,SEXO,PAIS,DT_NASCIMENTO,ID_AUTOR_LIVRO,ID_AUTOR_EDITORA)
VALUES
(416,'J.K. Rowling','R52867','F','Reino Unido','31/07/1965',1000005,305);

INSERT INTO AUTORES 
(ID_AUTOR,NOME,REGISTRO,SEXO,PAIS,DT_NASCIMENTO,ID_AUTOR_LIVRO,ID_AUTOR_EDITORA)
VALUES
(417,'J.K. Rowling','R52867','F','Reino Unido','31/07/1965',1000007,307);

INSERT INTO AUTORES 
(ID_AUTOR,NOME,REGISTRO,SEXO,PAIS,DT_NASCIMENTO,ID_AUTOR_LIVRO,ID_AUTOR_EDITORA)
VALUES
(418,'J.K. Rowling','R52867','F','Reino Unido','31/07/1965',1000001,301);

INSERT INTO AUTORES 
(ID_AUTOR,NOME,REGISTRO,SEXO,PAIS,DT_NASCIMENTO,ID_AUTOR_LIVRO,ID_AUTOR_EDITORA)
VALUES
(419,'J.K. Rowling','R52867','F','Reino Unido','31/07/1965',1000002,302);

INSERT INTO AUTORES 
(ID_AUTOR,NOME,REGISTRO,SEXO,PAIS,DT_NASCIMENTO,ID_AUTOR_LIVRO,ID_AUTOR_EDITORA)
VALUES
(420,'John Conway','R48903','M','Reino Unido','26/12/1937',1000018,320);

INSERT INTO AUTORES 
(ID_AUTOR,NOME,REGISTRO,SEXO,PAIS,DT_NASCIMENTO,ID_AUTOR_LIVRO,ID_AUTOR_EDITORA)
VALUES
(421,'Maurice Leblanc','R19027','M','França','11/12/1864',1000016,318);

INSERT INTO AUTORES 
(ID_AUTOR,NOME,REGISTRO,SEXO,PAIS,DT_NASCIMENTO,ID_AUTOR_LIVRO,ID_AUTOR_EDITORA)
VALUES
(422,'Rick Riordan','R59280','M','Estados Unidos','05/07/1964',1000010,310);

INSERT INTO AUTORES 
(ID_AUTOR,NOME,REGISTRO,SEXO,PAIS,DT_NASCIMENTO,ID_AUTOR_LIVRO,ID_AUTOR_EDITORA)
VALUES
(423,'Rick Riordan','R59280','M','Estados Unidos','05/07/1964',1000011,311);

INSERT INTO AUTORES 
(ID_AUTOR,NOME,REGISTRO,SEXO,PAIS,DT_NASCIMENTO,ID_AUTOR_LIVRO,ID_AUTOR_EDITORA)
VALUES
(424,'Stephen King','R25438','M','Estados Unidos','21/09/1947',1000015,317);

INSERT INTO AUTORES 
(ID_AUTOR,NOME,REGISTRO,SEXO,PAIS,DT_NASCIMENTO,ID_AUTOR_LIVRO,ID_AUTOR_EDITORA)
VALUES
(425,'Stephen King','R25438','M','Estados Unidos','21/09/1947',1000014,316);

INSERT INTO AUTORES 
(ID_AUTOR,NOME,REGISTRO,SEXO,PAIS,DT_NASCIMENTO,ID_AUTOR_LIVRO,ID_AUTOR_EDITORA)
VALUES
(426,'Thomas Nield','R69028','M','Itália','07/06/1978',1000024,326);

-- INSERINDO REGISTROS NA TABELA CATEGORIA

INSERT INTO CATEGORIA
(ID_CATEGORIA,CATEGORIA,ID_CATEGORIA_LIVRO)
VALUES
(501,'Biografia',1000018);

INSERT INTO CATEGORIA
(ID_CATEGORIA,CATEGORIA,ID_CATEGORIA_LIVRO)
VALUES
(502,'Engenharia',1000017);

INSERT INTO CATEGORIA
(ID_CATEGORIA,CATEGORIA,ID_CATEGORIA_LIVRO)
VALUES
(503,'Fantasia',1000003);

INSERT INTO CATEGORIA
(ID_CATEGORIA,CATEGORIA,ID_CATEGORIA_LIVRO)
VALUES
(504,'Fantasia',1000004);

INSERT INTO CATEGORIA
(ID_CATEGORIA,CATEGORIA,ID_CATEGORIA_LIVRO)
VALUES
(505,'Fantasia',1000005);

INSERT INTO CATEGORIA
(ID_CATEGORIA,CATEGORIA,ID_CATEGORIA_LIVRO)
VALUES
(506,'Fantasia',1000006);

INSERT INTO CATEGORIA
(ID_CATEGORIA,CATEGORIA,ID_CATEGORIA_LIVRO)
VALUES
(507,'Fantasia',1000008);

INSERT INTO CATEGORIA
(ID_CATEGORIA,CATEGORIA,ID_CATEGORIA_LIVRO)
VALUES
(508,'Fantasia',1000010);

INSERT INTO CATEGORIA
(ID_CATEGORIA,CATEGORIA,ID_CATEGORIA_LIVRO)
VALUES
(509,'Fantasia',1000011);

INSERT INTO CATEGORIA
(ID_CATEGORIA,CATEGORIA,ID_CATEGORIA_LIVRO)
VALUES
(510,'Fantasia',1000002);

INSERT INTO CATEGORIA
(ID_CATEGORIA,CATEGORIA,ID_CATEGORIA_LIVRO)
VALUES
(511,'Fantasia',1000001);

INSERT INTO CATEGORIA
(ID_CATEGORIA,CATEGORIA,ID_CATEGORIA_LIVRO)
VALUES
(512,'Fantasia',1000007);

INSERT INTO CATEGORIA
(ID_CATEGORIA,CATEGORIA,ID_CATEGORIA_LIVRO)
VALUES
(513,'Ficção',1000015);

INSERT INTO CATEGORIA
(ID_CATEGORIA,CATEGORIA,ID_CATEGORIA_LIVRO)
VALUES
(514,'Ficção Científica',1000013);

INSERT INTO CATEGORIA
(ID_CATEGORIA,CATEGORIA,ID_CATEGORIA_LIVRO)
VALUES
(515,'Gestão e Liderança',1000009);

INSERT INTO CATEGORIA
(ID_CATEGORIA,CATEGORIA,ID_CATEGORIA_LIVRO)
VALUES
(516,'Horror',1000014);

INSERT INTO CATEGORIA
(ID_CATEGORIA,CATEGORIA,ID_CATEGORIA_LIVRO)
VALUES
(517,'Literatura Clássica',1000020);

INSERT INTO CATEGORIA
(ID_CATEGORIA,CATEGORIA,ID_CATEGORIA_LIVRO)
VALUES
(518,'Literatura Clássica',1000023);

INSERT INTO CATEGORIA
(ID_CATEGORIA,CATEGORIA,ID_CATEGORIA_LIVRO)
VALUES
(519,'Literatura Clássica',1000022);

INSERT INTO CATEGORIA
(ID_CATEGORIA,CATEGORIA,ID_CATEGORIA_LIVRO)
VALUES
(520,'Literatura Clássica',1000021);

INSERT INTO CATEGORIA
(ID_CATEGORIA,CATEGORIA,ID_CATEGORIA_LIVRO)
VALUES
(521,'Literatura Clássica',1000019);

INSERT INTO CATEGORIA
(ID_CATEGORIA,CATEGORIA,ID_CATEGORIA_LIVRO)
VALUES
(522,'Mistério',1000016);

INSERT INTO CATEGORIA
(ID_CATEGORIA,CATEGORIA,ID_CATEGORIA_LIVRO)
VALUES
(523,'Redes Informáticas',1000012);

INSERT INTO CATEGORIA
(ID_CATEGORIA,CATEGORIA,ID_CATEGORIA_LIVRO)
VALUES
(524,'Universitários',1000025);

INSERT INTO CATEGORIA
(ID_CATEGORIA,CATEGORIA,ID_CATEGORIA_LIVRO)
VALUES
(525,'Universitários',1000026);

INSERT INTO CATEGORIA
(ID_CATEGORIA,CATEGORIA,ID_CATEGORIA_LIVRO)
VALUES
(526,'Universitários',1000024);

-- INSERINDO REGISTROS NA TABELA DANFE

INSERT INTO DANFE
(ID_DANFE,NUMERO_NFE,SERIE_NFE,DT_EMISSAO,VALOR_TOTAL,CHAVE_ELETRONICA,PROTO_AUTORI,ID_DANFE_LIVRO)
VALUES
(601,000001,001,'01/08/2022',89.90,41220876455020000119550010000000010174,372619840933628,1000025);

INSERT INTO DANFE
(ID_DANFE,NUMERO_NFE,SERIE_NFE,DT_EMISSAO,VALOR_TOTAL,CHAVE_ELETRONICA,PROTO_AUTORI,ID_DANFE_LIVRO)
VALUES
(602,000002,001,'01/08/2022',79.96,41220876455020000119550010000000020164,361833908462781,1000004);

INSERT INTO DANFE
(ID_DANFE,NUMERO_NFE,SERIE_NFE,DT_EMISSAO,VALOR_TOTAL,CHAVE_ELETRONICA,PROTO_AUTORI,ID_DANFE_LIVRO)
VALUES
(603,000003,001,'01/08/2022',31.99,41220876455020000119550010000000030137,291774029177356,1000015);

INSERT INTO DANFE
(ID_DANFE,NUMERO_NFE,SERIE_NFE,DT_EMISSAO,VALOR_TOTAL,CHAVE_ELETRONICA,PROTO_AUTORI,ID_DANFE_LIVRO)
VALUES
(604,000004,001,'02/08/2022',64.40,41220876455020000119550010000000040145,561280485129049,1000021);

INSERT INTO DANFE
(ID_DANFE,NUMERO_NFE,SERIE_NFE,DT_EMISSAO,VALOR_TOTAL,CHAVE_ELETRONICA,PROTO_AUTORI,ID_DANFE_LIVRO)
VALUES
(605,000005,001,'03/08/2022',29.70,41220876455020000119550010000000050136,991827360083552,1000016);

INSERT INTO DANFE
(ID_DANFE,NUMERO_NFE,SERIE_NFE,DT_EMISSAO,VALOR_TOTAL,CHAVE_ELETRONICA,PROTO_AUTORI,ID_DANFE_LIVRO)
VALUES
(606,000006,001,'03/08/2022',89.90,41220876455020000119550010000000060156,361728905563281,1000009);

INSERT INTO DANFE
(ID_DANFE,NUMERO_NFE,SERIE_NFE,DT_EMISSAO,VALOR_TOTAL,CHAVE_ELETRONICA,PROTO_AUTORI,ID_DANFE_LIVRO)
VALUES
(607,000007,001,'03/08/2022',36.56,41220876455020000119550010000000070133,059682345719285,1000011);

INSERT INTO DANFE
(ID_DANFE,NUMERO_NFE,SERIE_NFE,DT_EMISSAO,VALOR_TOTAL,CHAVE_ELETRONICA,PROTO_AUTORI,ID_DANFE_LIVRO)
VALUES
(608,000008,001,'04/08/2022',124.50,41220876455020000119550010000000080136,227163487190384,1000001);

INSERT INTO DANFE
(ID_DANFE,NUMERO_NFE,SERIE_NFE,DT_EMISSAO,VALOR_TOTAL,CHAVE_ELETRONICA,PROTO_AUTORI,ID_DANFE_LIVRO)
VALUES
(609,000009,001,'05/08/2022',99.90,41220876455020000119550010000000090136,918100936218473,1000026);

INSERT INTO DANFE
(ID_DANFE,NUMERO_NFE,SERIE_NFE,DT_EMISSAO,VALOR_TOTAL,CHAVE_ELETRONICA,PROTO_AUTORI,ID_DANFE_LIVRO)
VALUES
(610,000010,001,'05/08/2022',143.52,41220876455020000119550010000000100164,294095681340955,1000022);

INSERT INTO DANFE
(ID_DANFE,NUMERO_NFE,SERIE_NFE,DT_EMISSAO,VALOR_TOTAL,CHAVE_ELETRONICA,PROTO_AUTORI,ID_DANFE_LIVRO)
VALUES
(611,000011,001,'06/08/2022',49.00,41220876455020000119550010000000110145,628109447628719,1000003);

INSERT INTO DANFE
(ID_DANFE,NUMERO_NFE,SERIE_NFE,DT_EMISSAO,VALOR_TOTAL,CHAVE_ELETRONICA,PROTO_AUTORI,ID_DANFE_LIVRO)
VALUES
(612,000012,001,'07/08/2022',50.24,41220876455020000119550010000000120199,261854095723741,1000008);

INSERT INTO DANFE
(ID_DANFE,NUMERO_NFE,SERIE_NFE,DT_EMISSAO,VALOR_TOTAL,CHAVE_ELETRONICA,PROTO_AUTORI,ID_DANFE_LIVRO)
VALUES
(613,000013,001,'08/08/2022',115.98,41220876455020000119550010000000130156,6641098437562883,1000014);

INSERT INTO DANFE
(ID_DANFE,NUMERO_NFE,SERIE_NFE,DT_EMISSAO,VALOR_TOTAL,CHAVE_ELETRONICA,PROTO_AUTORI,ID_DANFE_LIVRO)
VALUES
(614,000014,001,'08/08/2022',89.90,41220876455020000119550010000000140121,891037623995740,1000009);

INSERT INTO DANFE
(ID_DANFE,NUMERO_NFE,SERIE_NFE,DT_EMISSAO,VALOR_TOTAL,CHAVE_ELETRONICA,PROTO_AUTORI,ID_DANFE_LIVRO)
VALUES
(615,000015,001,'08/08/2022',32.20,41220876455020000119550010000000150180,328904637188456,1000021);

INSERT INTO DANFE
(ID_DANFE,NUMERO_NFE,SERIE_NFE,DT_EMISSAO,VALOR_TOTAL,CHAVE_ELETRONICA,PROTO_AUTORI,ID_DANFE_LIVRO)
VALUES
(616,000016,001,'10/08/2022',135.36,41220876455020000119550010000000160180,873451247587409,1000024);

-- INSERINDO REGISTROS NA TABELA VENDAS

INSERT INTO VENDAS
(ID_VENDA,DT_VENDA,VALOR_TOTAL,QTD_LIVRO,ID_VENDA_LIVRO,ID_VENDA_DANFE,ID_VENDA_COLABORADOR,ID_VENDA_CLIENTE)
VALUES
(701,'01/08/2022',89.90,1,1000025,601,1005,202);

INSERT INTO VENDAS
(ID_VENDA,DT_VENDA,VALOR_TOTAL,QTD_LIVRO,ID_VENDA_LIVRO,ID_VENDA_DANFE,ID_VENDA_COLABORADOR,ID_VENDA_CLIENTE)
VALUES
(702,'01/08/2022',79.96,2,1000004,602,1005,203);

INSERT INTO VENDAS
(ID_VENDA,DT_VENDA,VALOR_TOTAL,QTD_LIVRO,ID_VENDA_LIVRO,ID_VENDA_DANFE,ID_VENDA_COLABORADOR,ID_VENDA_CLIENTE)
VALUES
(703,'01/08/2022',31.9,1,1000015,603,1007,204);

INSERT INTO VENDAS
(ID_VENDA,DT_VENDA,VALOR_TOTAL,QTD_LIVRO,ID_VENDA_LIVRO,ID_VENDA_DANFE,ID_VENDA_COLABORADOR,ID_VENDA_CLIENTE)
VALUES
(704,'02/08/2022',64.40,2,1000021,604,1006,201);

INSERT INTO VENDAS
(ID_VENDA,DT_VENDA,VALOR_TOTAL,QTD_LIVRO,ID_VENDA_LIVRO,ID_VENDA_DANFE,ID_VENDA_COLABORADOR,ID_VENDA_CLIENTE)
VALUES
(705,'03/08/2022',29.70,1,1000016,605,1007,204);

INSERT INTO VENDAS
(ID_VENDA,DT_VENDA,VALOR_TOTAL,QTD_LIVRO,ID_VENDA_LIVRO,ID_VENDA_DANFE,ID_VENDA_COLABORADOR,ID_VENDA_CLIENTE)
VALUES
(706,'03/08/2022',36.56,1,1000009,606,1006,204);

INSERT INTO VENDAS
(ID_VENDA,DT_VENDA,VALOR_TOTAL,QTD_LIVRO,ID_VENDA_LIVRO,ID_VENDA_DANFE,ID_VENDA_COLABORADOR,ID_VENDA_CLIENTE)
VALUES
(707,'03/08/2022',36.56,1,1000011,607,1005,202);

INSERT INTO VENDAS
(ID_VENDA,DT_VENDA,VALOR_TOTAL,QTD_LIVRO,ID_VENDA_LIVRO,ID_VENDA_DANFE,ID_VENDA_COLABORADOR,ID_VENDA_CLIENTE)
VALUES
(708,'04/08/2022',124.50,5,1000001,608,1006,203);

INSERT INTO VENDAS
(ID_VENDA,DT_VENDA,VALOR_TOTAL,QTD_LIVRO,ID_VENDA_LIVRO,ID_VENDA_DANFE,ID_VENDA_COLABORADOR,ID_VENDA_CLIENTE)
VALUES
(709,'05/08/2022',99.90,1,1000026,609,1007,204);

INSERT INTO VENDAS
(ID_VENDA,DT_VENDA,VALOR_TOTAL,QTD_LIVRO,ID_VENDA_LIVRO,ID_VENDA_DANFE,ID_VENDA_COLABORADOR,ID_VENDA_CLIENTE)
VALUES
(710,'05/08/2022',143.52,4,1000022,610,1006,201);

INSERT INTO VENDAS
(ID_VENDA,DT_VENDA,VALOR_TOTAL,QTD_LIVRO,ID_VENDA_LIVRO,ID_VENDA_DANFE,ID_VENDA_COLABORADOR,ID_VENDA_CLIENTE)
VALUES
(711,'06/08/2022',49.00,2,1000003,611,1005,202);

INSERT INTO VENDAS
(ID_VENDA,DT_VENDA,VALOR_TOTAL,QTD_LIVRO,ID_VENDA_LIVRO,ID_VENDA_DANFE,ID_VENDA_COLABORADOR,ID_VENDA_CLIENTE)
VALUES
(712,'07/08/2022',50.24,1,1000008,612,1006,204);

INSERT INTO VENDAS
(ID_VENDA,DT_VENDA,VALOR_TOTAL,QTD_LIVRO,ID_VENDA_LIVRO,ID_VENDA_DANFE,ID_VENDA_COLABORADOR,ID_VENDA_CLIENTE)
VALUES
(713,'08/08/2022',115.98,2,1000014,613,1005,201);

INSERT INTO VENDAS
(ID_VENDA,DT_VENDA,VALOR_TOTAL,QTD_LIVRO,ID_VENDA_LIVRO,ID_VENDA_DANFE,ID_VENDA_COLABORADOR,ID_VENDA_CLIENTE)
VALUES
(714,'08/08/2022',89.90,1,1000009,614,1007,203);

INSERT INTO VENDAS
(ID_VENDA,DT_VENDA,VALOR_TOTAL,QTD_LIVRO,ID_VENDA_LIVRO,ID_VENDA_DANFE,ID_VENDA_COLABORADOR,ID_VENDA_CLIENTE)
VALUES
(715,'08/08/2022',32.20,1,1000021,615,1005,202);

INSERT INTO VENDAS
(ID_VENDA,DT_VENDA,VALOR_TOTAL,QTD_LIVRO,ID_VENDA_LIVRO,ID_VENDA_DANFE,ID_VENDA_COLABORADOR,ID_VENDA_CLIENTE)
VALUES
(716,'10/08/2022',135.36,4,1000024,616,1007,204);
